,Unnamed: 0,id,userid,courseid,relateduserid,timecreated
0,0,1,2,0,\N,1606845939
1,1,2,2,0,2,1606846036
2,2,3,2,0,2,1606846036
3,3,4,2,0,\N,1606846037
4,4,5,2,0,\N,1606846037
5,5,6,2,0,\N,1606846037
6,6,7,2,0,\N,1606846037
7,7,8,2,0,\N,1606846037
8,8,9,2,0,\N,1606846037
9,9,10,2,0,\N,1606846037
10,10,11,2,0,\N,1606846037
11,11,12,2,0,\N,1606846037
12,12,13,2,0,\N,1606846037
13,13,14,2,0,\N,1606846037
14,14,15,2,0,\N,1606846037
15,15,16,2,0,\N,1606846037
16,16,17,2,0,\N,1606846037
17,17,18,2,0,\N,1606846037
18,18,19,2,0,\N,1606846037
19,19,20,2,0,\N,1606846037
